Path,Day_0,Day_1,Day_2,Day_3,Day_4,Day_5,Day_6,Day_7,Day_8,Day_9,Day_10,Day_11,Day_12,Day_13,Day_14,Day_15,Day_16,Day_17,Day_18,Day_19,Day_20,Day_21,Day_22,Day_23,Day_24,Day_25,Day_26,Day_27,Day_28,Day_29,Day_30
Path_1,15.1671,14.8673,13.9069,13.9338,14.2152,13.8870,14.1335,14.5310,14.4638,14.3099,14.0026,14.0026,13.9834,14.7129,14.8094,14.4609,14.4460,14.7215,14.9984,15.0582,14.0803,15.1224,14.1435,13.3275,13.2314,13.1247,12.7823,12.5851,12.8939,13.5959,14.0017
Path_2,15.1671,15.1671,14.6274,14.6812,14.5496,14.3973,14.3553,14.3380,14.4650,14.8467,15.0474,15.1305,15.2273,14.5312,14.8927,14.8379,14.8379,14.3065,14.4371,14.5225,14.4913,14.4507,14.4507,14.4100,14.6433,14.1479,14.2306,13.9265,14.1517,14.5679,14.6908
Path_3,15.1671,14.9185,14.6235,14.4077,14.5263,14.3056,14.8778,15.1590,14.2776,14.2580,15.3162,15.5526,15.3425,15.4038,14.6703,14.3322,14.5217,15.0612,14.8712,14.6126,14.8954,14.8954,15.1311,14.4297,14.4297,14.5579,14.6612,14.9417,14.8732,14.7165,14.5861
Path_4,15.1671,14.8912,14.9896,14.9896,14.4562,14.1942,15.0470,15.1301,15.0742,15.8080,16.0671,17.2561,16.5339,16.5339,16.3933,16.3477,16.2148,15.8378,14.8211,14.9602,14.7684,14.7140,15.0270,15.1215,15.4213,15.4734,15.5628,15.5628,15.6293,15.8888,15.9238
Path_5,15.1671,15.3854,15.4946,15.6854,15.6213,15.6213,15.9881,16.0556,16.0556,16.2354,16.7074,16.6410,16.9102,16.9630,16.1580,16.2915,16.3583,16.3027,16.9327,16.3788,16.5011,16.7897,16.7367,17.7423,18.6481,18.0284,18.1180,18.3805,18.3805,18.5016,17.9574
Path_6,15.1671,15.3700,14.9967,14.8706,14.9329,14.8530,14.5077,13.8917,13.8917,13.9697,13.8716,13.9335,13.8080,14.2121,14.4615,14.3026,14.2190,15.2781,15.2311,14.9541,15.6003,15.6899,16.1563,16.0116,15.4891,15.4713,15.3777,15.3777,15.7255,15.8519,16.2515
Path_7,15.1671,15.2596,14.8031,14.5846,15.3139,15.6483,15.2927,15.2770,15.2770,15.2266,15.5591,15.5039,15.5519,15.6702,15.7233,15.6799,15.4976,15.6828,15.2532,14.4374,14.6305,14.5011,13.5716,13.7875,13.5724,13.5724,13.5724,13.2243,12.5967,12.7491,12.7153
Path_8,15.1671,15.2142,15.4748,15.1645,15.5091,14.7776,14.4552,14.2789,14.2356,13.7312,13.7020,13.8273,13.8273,14.3988,14.2711,14.1066,14.3457,14.3457,14.4371,14.4371,14.9764,14.7300,14.1408,15.1357,14.3917,13.7246,13.8892,14.5066,14.8492,14.5442,14.2578
Path_9,15.1671,15.2231,15.3729,15.8214,15.6927,16.2414,16.2414,15.7984,16.4060,16.4550,16.6849,16.5962,16.3401,16.0323,16.0323,16.1076,16.6708,16.6207,17.4975,16.5224,16.8128,17.0369,17.2735,17.0557,17.1996,17.1025,17.4976,17.3905,17.2969,17.4388,17.2911
Path_10,15.1671,15.7773,15.6735,16.3297,16.3805,16.3998,16.7392,17.1635,16.0490,16.1003,16.0258,16.3820,16.3820,15.6488,15.5985,15.6443,15.7074,15.3042,15.4408,15.0987,14.8449,14.7068,14.8875,15.1865,15.3156,14.7729,15.3772,15.3772,15.0416,14.9405,15.2026
Path_11,15.1671,15.0275,15.2854,16.1122,15.6066,15.6693,15.3620,14.6882,14.8748,14.6948,13.7523,14.3253,14.1865,14.1865,14.2380,14.3373,14.2558,14.0213,14.1994,13.6854,13.7168,14.0474,13.4965,13.4965,13.7347,13.8147,14.0508,13.8597,13.8597,13.9798,13.4804
Path_12,15.1671,15.2496,14.8582,14.6223,14.6377,13.9058,14.2851,14.6798,14.9268,15.4751,15.4751,15.5994,15.5055,15.5055,15.8210,15.7453,15.8156,15.6830,15.2935,15.7068,15.5760,15.4740,14.8254,14.7634,14.5826,14.6411,14.5589,14.5589,14.6469,14.5940,14.6386
Path_13,15.1671,14.8068,14.8903,15.3301,15.2885,15.5214,15.3646,15.8525,15.3373,15.2930,15.5247,15.6029,15.9051,15.9723,15.4166,15.0055,15.3716,15.1871,15.2874,14.8686,14.8686,15.1545,15.4148,15.1676,16.0598,16.0598,16.2565,15.5829,16.1536,15.8306,15.6250
Path_14,15.1671,15.0357,15.0357,14.9089,15.3938,15.6530,15.3955,15.5360,15.4097,15.0054,14.5479,14.5479,14.5479,15.0315,15.2895,15.2895,15.3390,15.3390,15.5973,15.0401,15.1484,16.2837,16.8906,16.5919,16.4666,16.5020,16.2593,15.8768,15.5739,15.5018,14.9105
Path_15,15.1671,15.1671,15.1671,15.0208,14.9692,15.0140,15.0379,15.1721,15.1498,16.0480,16.1022,16.0346,15.1507,14.9676,15.1012,15.3734,15.1150,15.7478,14.7236,14.5892,14.7134,14.5223,14.1948,14.1111,14.3934,14.1111,13.9610,14.1428,13.5749,13.5271,13.3711
Path_16,15.1671,15.3776,15.2546,14.8957,14.3199,14.5658,14.6539,14.7018,14.4661,14.3910,14.5122,14.4899,14.7525,14.4402,14.4092,14.7840,14.7840,13.9310,13.9310,14.8597,14.6711,14.4255,13.4930,13.4930,13.5312,13.5912,13.9722,14.1162,14.0998,14.1639,14.1248
Path_17,15.1671,15.4705,15.3761,15.7474,15.7474,15.7802,15.7613,16.0678,15.9409,16.1292,16.1292,16.8155,17.1016,16.9503,16.7717,16.1832,16.4013,16.3817,16.4539,16.5200,16.9229,16.8527,17.1256,17.5822,17.8990,17.7263,17.8773,17.6056,17.4697,17.0455,17.2554
Path_18,15.1671,14.1749,13.2530,13.3911,12.8534,12.9077,12.7427,12.4908,12.5274,12.4676,12.4484,12.7711,12.5103,12.5489,12.4388,11.8905,11.8905,11.5816,11.5816,11.7347,11.8969,12.7842,12.4804,12.8885,12.7351,12.9068,13.2880,13.3341,13.3341,13.2562,13.1340
Path_19,15.1671,14.6210,14.7485,14.9978,15.1838,14.9637,14.9637,15.2659,15.1674,14.8725,14.9699,14.4373,14.1222,13.8915,14.0751,14.4973,14.2130,14.3537,14.3121,15.1419,14.4223,15.4803,15.7461,15.8431,16.1109,16.0586,15.7451,15.8491,15.5357,15.4935,15.9599
Path_20,15.1671,15.3536,16.1452,16.1640,15.1322,15.4442,14.6876,14.5903,15.0535,15.6127,15.7005,16.1428,16.0091,16.3949,16.8596,16.9594,16.8919,16.3451,16.3235,15.7679,16.2983,16.5779,15.9371,16.1371,16.3019,16.6139,16.4742,16.5847,17.0454,17.1407,17.2529
Path_21,15.1671,15.1229,15.4991,15.5656,16.2336,15.8114,15.7555,16.1608,15.7501,15.4422,15.4422,14.4343,14.2703,14.3146,14.2578,14.5493,14.7214,14.5315,14.0124,13.4173,13.2666,13.3266,12.8944,13.0392,13.1689,13.7239,13.7793,14.0148,14.0148,14.3037,14.5765
Path_22,15.1671,14.1748,14.0478,13.9218,13.9218,13.9218,14.9520,13.9754,14.7855,14.7855,14.7229,15.4240,14.9420,15.2314,16.3680,16.5079,16.4608,15.8329,15.0605,14.9929,14.9929,15.1314,15.3507,15.4802,15.7340,16.3896,16.7808,17.1473,17.0257,16.4109,16.6641
Path_23,15.1671,15.3267,15.5752,15.6241,15.8782,16.5596,16.2638,15.6892,15.6892,15.6892,15.7928,16.6229,16.6037,16.8663,16.7038,16.7512,16.8583,17.3647,17.5031,17.3013,17.9176,18.1464,18.2513,18.6163,18.5384,19.0153,19.0153,18.9300,18.9300,18.5655,18.3847
Path_24,15.1671,15.1830,14.9698,15.2235,14.8461,14.6524,14.5271,13.8867,14.3922,14.4420,14.6146,13.6705,14.2173,13.4049,13.1624,13.2698,13.6556,13.8841,13.9485,14.1832,15.1115,15.8471,15.7339,16.8922,18.1581,18.1581,17.7877,17.9680,17.9680,17.9892,17.9683
Path_25,15.1671,15.7088,15.3242,15.3678,16.5115,15.8054,15.7615,15.4873,15.6821,15.2901,15.2901,15.3757,15.4606,15.5795,15.5154,15.4442,15.3681,15.5713,15.4682,15.3394,14.7914,14.8950,14.7702,14.9768,15.2776,15.1917,14.7716,14.8751,14.7566,15.2234,15.2001
Path_26,15.1671,15.2870,14.8373,14.3073,14.3920,14.3920,14.0884,14.0687,14.0004,13.7177,13.5278,13.4141,13.3183,12.9853,13.9340,14.2175,14.2175,14.1024,13.5657,13.5020,13.9730,14.1056,13.9818,13.8430,13.7878,13.6378,13.8831,14.1041,14.3979,14.2906,14.3920
Path_27,15.1671,15.0300,15.2149,15.1282,15.9081,16.1902,16.2500,15.8968,15.4632,16.2138,16.1953,16.4661,16.5815,16.5472,16.5472,16.1026,15.9159,15.7629,15.3883,15.3056,14.3864,13.4612,13.4450,13.2704,13.8736,13.9156,13.7089,13.6315,13.5134,13.5134,13.4993
Path_28,15.1671,15.6391,15.2787,14.8446,15.3466,15.3466,15.3466,15.4821,15.5655,16.0947,16.1407,16.0634,16.0153,15.8736,15.6531,16.1154,16.0496,16.2535,16.4732,16.3761,16.2816,16.4688,16.3200,16.4188,15.8108,15.8830,15.5994,14.9323,14.6373,14.5883,14.0834
Path_29,15.1671,15.8194,15.8194,15.4090,15.1122,15.1604,14.8424,15.0249,14.7484,14.0353,13.9602,13.4357,12.7521,12.8415,13.3551,12.5027,11.8421,11.9075,12.0768,12.9756,12.3426,12.1069,12.1069,12.2091,12.3595,12.3263,12.3693,12.5566,12.1786,12.3868,12.1928
Path_30,15.1671,15.2343,15.1624,14.9646,14.2622,14.1120,14.1120,15.0527,15.3689,15.3509,15.3038,15.1929,14.9125,15.1938,15.1938,15.2440,14.8654,15.0718,14.8026,14.2522,14.6273,14.6870,14.3873,14.3873,14.7919,14.9757,16.0988,16.2034,16.1284,16.0205,16.3835
Path_31,15.1671,14.6263,14.7244,14.5622,14.7545,15.1835,14.6321,14.0968,14.2055,14.2055,14.2993,13.8787,13.9486,13.9486,13.8401,13.9240,13.9240,14.8130,15.0733,15.0733,15.5187,15.5187,15.5029,15.2308,15.3397,15.0114,14.7763,14.8224,14.0813,13.9668,14.0873
Path_32,15.1671,14.8361,14.4943,14.3637,14.1642,14.0422,14.1234,14.2363,14.4181,14.4181,14.5133,14.3990,13.7643,13.7643,14.1772,13.9662,13.4699,13.7573,14.0137,14.0137,13.8950,14.0254,13.5399,13.4390,13.7565,13.8702,13.9362,13.8398,13.7123,13.3417,13.3417
Path_33,15.1671,15.2879,15.6564,15.4669,15.3257,16.2466,16.2466,16.5621,17.7980,18.4499,18.3984,18.6987,18.6010,18.6010,18.9465,19.1230,19.3611,18.9659,18.5308,18.8108,19.0734,19.2958,19.6761,19.9604,20.0655,20.0215,19.9982,20.1767,20.5922,20.4280,20.9077
Path_34,15.1671,15.0257,16.1431,15.5428,15.2961,15.4890,15.3584,15.2553,14.6584,14.4459,14.3427,14.1845,14.1194,14.3155,14.8736,14.6966,14.5553,14.9523,14.7689,14.9464,14.9464,15.0216,15.3152,15.6617,15.5988,15.6612,15.7506,14.7311,14.9357,15.0071,15.1875
Path_35,15.1671,15.4665,16.0695,16.3400,16.1271,15.9000,15.7622,15.4107,15.4107,15.4605,15.8025,16.9721,16.7582,16.4162,16.7293,16.2085,16.8319,16.8319,18.0974,18.1731,18.8831,19.4385,20.4509,20.6894,19.8321,21.0237,20.7042,21.1563,20.9918,21.6994,21.4441
Path_36,15.1671,15.4033,15.3479,16.0066,15.9584,15.6912,15.6912,15.6501,16.1118,16.1118,16.5834,16.5345,16.5345,16.7321,16.6578,17.1685,16.4763,16.4037,16.4864,16.4177,16.7846,16.7367,16.5818,16.6836,16.6199,16.6940,17.2763,18.4071,18.5696,18.5696,18.4543
Path_37,15.1671,15.3739,16.2651,16.1522,16.6474,17.4041,17.1824,17.0766,16.9103,16.5590,16.6806,16.7722,17.4275,18.2443,17.9920,18.2767,18.4448,19.1474,20.1049,20.3788,19.6851,19.5290,19.0913,19.5062,19.3266,20.7570,20.7325,19.9311,19.8757,19.9171,20.3773
Path_38,15.1671,15.1204,14.7699,14.4917,14.6184,14.4484,14.2532,14.2532,15.3079,15.3559,15.7539,15.9002,16.0751,16.1691,15.5937,15.9981,16.0957,16.1932,16.5394,16.5394,16.7459,16.7933,16.3488,16.3488,16.4565,16.7941,16.8469,16.8469,16.5763,16.5324,16.0771
Path_39,15.1671,15.5747,15.4847,15.5932,15.6569,15.7858,16.0317,15.3480,15.2271,15.1327,15.3178,15.5077,15.5077,16.3154,16.2688,16.4450,15.4360,15.3144,14.9006,14.6002,14.4221,14.4221,15.4955,15.4955,15.6459,16.0745,16.1995,17.4076,17.1979,16.5886,16.5368
Path_40,15.1671,14.8696,15.0018,14.8194,14.9156,15.0744,14.4498,13.9379,13.8266,13.6091,13.9559,13.9559,13.8387,13.7805,13.7805,13.7643,13.6801,13.5918,13.8324,13.9984,15.0339,14.9065,15.3514,15.7034,15.7579,15.8791,16.5287,16.9729,16.8108,16.7424,16.9188
Path_41,15.1671,15.1849,15.4842,15.6280,15.6280,16.7831,16.6797,16.8356,16.5107,16.5892,16.1367,15.9953,15.8830,15.6582,15.0927,15.4071,14.9402,14.6947,14.7977,14.7782,15.4264,15.0308,15.2210,14.9321,13.9749,13.9749,14.7308,14.5394,14.3649,14.2326,14.1866
Path_42,15.1671,15.1268,14.9402,15.0221,14.8889,15.3924,15.3159,15.6378,15.1707,14.3594,14.1552,14.1552,14.0639,15.1187,15.1724,15.5425,16.0957,16.2429,16.0186,15.9796,15.4073,15.0375,14.9191,14.8031,15.1067,15.1067,15.2139,15.1663,15.4507,15.3667,15.2335
Path_43,15.1671,15.3164,15.3493,15.2103,14.9129,14.9997,14.2103,14.3571,14.2463,14.5494,14.4261,14.1006,14.3702,15.0006,15.2496,15.1300,15.1300,15.1300,15.3751,15.6708,15.2069,14.6468,14.8590,14.7971,14.8127,15.0197,14.9394,14.8139,14.9190,15.0861,15.3399
Path_44,15.1671,14.7634,14.6957,14.3402,14.1377,14.2810,13.9009,13.7772,14.1265,14.0395,13.5842,13.3156,13.3905,13.5889,13.5746,13.7020,13.6504,13.8898,14.0110,14.0110,14.3570,14.2856,14.2856,13.8642,13.9555,14.2216,14.3633,13.5951,14.0182,14.4393,14.5526
Path_45,15.1671,15.1245,15.1445,15.1662,15.7930,16.4038,16.8570,16.9250,17.1284,17.0278,16.7403,16.9333,16.7291,16.7901,16.8870,17.0995,16.5402,16.6420,16.6787,16.7242,16.3703,16.3964,16.0929,16.3555,16.5925,16.4430,16.1778,16.2375,16.2962,16.3469,16.4431
Path_46,15.1671,14.8449,14.7466,14.7012,15.0464,14.9623,15.0469,14.9151,14.9839,15.1057,14.1233,14.0533,14.1099,14.1099,14.0532,13.9069,13.7303,13.4588,13.6004,13.5172,13.5172,13.6580,12.7874,12.7695,12.5072,11.7345,12.0386,12.0245,12.0245,11.9872,12.0199
Path_47,15.1671,15.2310,15.5853,15.4964,15.4528,15.1818,15.3204,14.8386,14.5475,14.3473,14.1809,14.1809,14.6070,14.6070,13.6795,13.8327,14.0987,15.0631,15.1507,15.5305,15.0144,15.0569,15.0124,14.9597,14.9152,14.9814,14.8026,15.0561,14.6700,14.3643,14.5007
Path_48,15.1671,15.2734,15.3971,15.4481,15.5224,15.9632,15.5375,15.5889,15.7141,15.8419,15.5478,16.6837,15.6202,15.4758,16.0318,16.0318,17.2343,18.5315,18.9789,18.6037,18.2639,18.9295,18.2074,18.7554,19.2220,19.7995,20.2481,20.2481,20.2244,20.7218,20.9177
Path_49,15.1671,15.4809,15.2735,15.1255,15.3388,15.0498,15.1141,15.0541,16.0576,16.0154,15.8114,15.3553,15.3553,15.4193,15.1319,14.4366,14.4366,14.4366,13.8933,14.9183,15.0859,14.8191,14.9668,14.8886,14.6274,15.3963,15.3801,15.7204,15.9280,15.1771,15.0496
Path_50,15.1671,14.7781,15.0253,15.2100,15.2624,14.8642,15.1590,15.1904,15.2427,15.0431,14.3368,14.5358,14.6822,14.6370,14.8092,14.7918,14.7918,14.3313,14.3950,14.4598,14.9371,14.8457,14.4141,14.2831,13.6753,13.6753,13.7884,13.7358,13.5809,13.3347,13.2212
Path_51,15.1671,15.0795,14.7850,14.8005,14.5921,14.9534,14.8659,14.6911,14.2432,15.1703,15.3011,15.0349,15.0349,14.9198,15.0426,14.7071,14.4756,14.1240,13.8972,13.8604,13.6129,13.6129,12.9646,12.8774,12.9050,12.7566,12.6392,12.1103,12.1242,11.9757,12.8761
Path_52,15.1671,15.0976,16.2326,16.0974,15.6572,15.9226,16.8034,16.9000,17.1912,16.8948,16.8948,16.8481,16.8966,16.9563,17.0180,16.9649,17.5367,16.9811,16.7717,16.9399,17.0800,17.5877,17.2491,18.5276,18.9316,18.9316,18.6753,18.4439,18.8424,19.3077,18.8620
Path_53,15.1671,15.3536,15.3536,15.6686,15.8613,15.9605,15.9605,16.0072,16.1154,16.5964,15.8918,15.8441,16.3986,16.0259,15.8895,15.6059,15.2053,14.9551,14.9790,15.0430,14.7661,14.8477,14.7095,14.7095,15.2096,14.8140,14.2344,14.3980,14.4131,14.2735,14.7687
Path_54,15.1671,15.9643,16.6029,16.1114,16.1114,16.2003,16.1198,16.1198,16.2792,16.6723,16.6723,16.4850,16.5080,15.6966,15.6966,15.5578,15.3642,15.8513,15.9812,16.5257,16.7368,16.3953,16.2625,16.2125,16.3460,15.9214,15.6915,15.1080,15.3641,15.5242,15.7454
Path_55,15.1671,15.3528,15.5416,15.1724,15.0323,15.0646,15.2862,15.1270,15.1270,15.1270,15.1604,15.0209,14.8936,15.0828,15.2488,15.4954,16.2703,16.9046,16.3411,15.8712,16.1347,15.8829,15.6630,15.4991,15.4991,15.5710,15.2670,15.2670,14.9130,14.8270,14.3180
Path_56,15.1671,15.1268,15.0788,15.0788,15.2024,15.6543,15.3951,15.3468,15.5828,14.9211,14.0685,13.7240,13.6798,13.8811,14.0829,14.5307,14.1523,13.9958,14.1672,14.0189,14.2872,14.4614,14.4115,14.8973,14.9395,14.8514,14.6580,14.6346,14.6346,14.6346,14.4902
Path_57,15.1671,15.1150,15.0085,15.0085,15.0810,14.6473,14.2750,14.4345,15.2331,15.0965,15.7607,15.8128,14.8056,14.7337,14.7337,14.7800,14.3717,14.6676,14.7539,14.7539,14.5594,14.2995,14.8769,15.4776,15.6481,15.7878,16.1292,15.4218,15.3821,15.3821,15.4367
Path_58,15.1671,15.2018,14.9624,15.4039,15.1383,14.9558,14.9558,14.9114,14.2084,14.1490,14.0182,13.8680,13.7307,13.6239,13.5787,13.5787,13.7217,13.8045,13.7601,13.8163,14.8432,14.5807,14.6668,14.6668,14.9630,15.1278,14.5875,14.6108,14.3106,14.1598,14.1036
Path_59,15.1671,15.6678,15.9941,15.6804,15.2726,15.4648,15.3247,15.3598,15.3598,15.3388,15.5274,15.6708,15.2947,15.0824,15.6657,14.6503,14.4006,14.7333,15.8202,16.1196,16.6396,16.7038,16.5484,16.1752,16.2255,16.0009,15.8074,16.5979,16.5086,16.5774,16.5583
Path_60,15.1671,14.8880,14.6430,14.7641,15.3049,15.2588,15.8256,15.5026,15.5971,15.4239,16.5742,16.4960,16.4960,17.7011,17.8895,17.8895,17.8895,17.7599,17.9801,17.4573,17.9422,17.9422,18.2912,18.4346,18.9793,19.2582,19.1899,18.9878,18.9211,18.8715,19.3104
Path_61,15.1671,14.8938,14.8349,14.5877,14.5877,14.6470,15.0116,15.1892,15.3190,14.5686,15.6640,16.1355,16.2029,15.7623,15.7623,16.0524,16.2264,16.5523,16.7737,16.8315,16.8747,16.8965,16.7461,17.0452,17.4558,17.7831,18.0444,18.4170,18.3952,18.9362,19.1911
Path_62,15.1671,14.9842,15.0681,14.8832,14.5372,14.1495,14.4845,14.2179,14.1106,13.7441,13.5049,13.5049,13.4223,12.8810,12.7329,12.6579,12.7350,12.9374,13.2462,13.1001,13.5867,13.4370,13.3273,13.3431,13.3138,13.3795,13.4696,13.7777,13.6599,13.9635,14.1027
Path_63,15.1671,15.3004,15.2611,15.4549,15.3913,15.7187,15.9836,16.2895,16.2895,16.3088,16.5667,16.2664,17.4687,16.7837,16.7837,16.7837,16.7334,16.2810,16.6172,16.3832,16.6506,16.8757,17.0153,17.5027,17.2609,17.2609,17.4721,17.6224,17.5497,18.3854,19.5345
Path_64,15.1671,14.2040,14.5778,14.6770,14.6770,14.8746,14.5385,13.8531,13.8039,13.7193,13.4554,13.3373,13.4929,14.1817,14.7490,15.8245,15.5641,15.6307,15.8556,16.5270,17.0505,17.4089,17.9185,17.4484,17.3457,17.6528,18.2153,18.2369,17.6565,17.5181,17.5181
Path_65,15.1671,15.0226,14.5423,14.4147,14.4980,14.5492,14.4546,14.4027,14.0826,14.4523,14.3808,13.9513,13.6518,14.0031,13.9807,14.0245,13.9794,14.0450,13.8717,14.3798,14.0346,14.2619,14.2164,14.4644,14.4644,14.6594,15.0259,15.5728,15.3979,15.1852,14.8917
Path_66,15.1671,14.8962,14.8062,14.4884,15.5601,15.2262,15.9673,16.2436,16.3772,16.3233,16.4734,16.2129,15.7688,15.6304,15.5343,15.2355,15.5613,15.3998,15.6435,15.2420,15.2420,15.3032,14.9555,15.2122,15.0443,14.9851,14.9185,15.4748,15.7403,15.6913,15.7403
Path_67,15.1671,14.9593,15.0206,14.8667,15.6257,15.6257,15.4164,15.2152,15.5376,15.3938,15.6798,15.1322,14.6384,14.3256,13.7638,13.6174,13.3215,13.1988,13.1281,13.4032,13.3228,13.5748,14.1703,14.0110,14.0110,13.9690,14.3887,14.3887,14.3887,14.4334,13.7560
Path_68,15.1671,15.1671,15.5795,16.3309,16.2668,16.4386,16.2112,15.6011,15.4677,14.8321,14.7828,14.7041,14.7041,14.9527,15.1652,15.2095,15.0898,15.0375,14.8512,15.0357,14.5605,14.8484,14.7300,14.7300,14.4720,14.6517,15.0120,15.1149,15.2278,15.3801,16.3468
Path_69,15.1671,15.2975,14.9547,14.9547,14.6770,14.4774,14.2628,13.7200,14.2871,13.9373,13.5650,13.8336,13.6773,13.7723,13.9079,13.8678,14.0457,14.0052,14.2589,14.3388,14.3388,14.0987,14.4291,13.8120,13.1354,12.4671,12.8072,11.9693,11.6948,11.4603,11.1419
Path_70,15.1671,15.1671,15.3415,15.2921,16.0392,15.9114,15.3197,14.6361,14.2777,14.6478,14.6683,14.7365,14.6917,14.3105,14.3105,14.3105,14.2069,14.2069,14.9322,14.3823,14.3823,14.4308,14.5477,14.6055,14.9429,15.1002,15.3723,15.5020,15.3537,14.3750,14.0624
Path_71,15.1671,14.6334,14.7899,14.6348,14.5789,14.7754,14.7961,14.6178,14.4498,14.2779,14.5464,14.5945,13.8888,14.1678,15.2303,15.3507,14.6270,14.5776,14.2963,14.5553,15.0630,15.0424,15.0919,15.0919,14.7844,14.3039,14.4037,14.7387,14.3439,14.3439,15.2834
Path_72,15.1671,15.0920,14.4605,14.6591,14.8747,14.8337,14.8511,14.5890,14.4917,16.3662,16.4542,16.4542,16.5257,16.6969,16.5659,16.7113,17.1511,17.2928,17.4613,16.9177,17.1300,17.1971,17.2771,17.6789,17.8486,18.0731,17.9534,18.2442,17.3320,17.5715,17.1982
Path_73,15.1671,14.8224,14.4398,14.3390,14.2807,14.4431,14.4785,14.6822,14.8378,14.5855,14.3047,14.2841,14.2274,13.5499,13.7582,14.7865,15.3872,15.1429,15.0885,15.7274,15.6492,14.6460,14.6022,14.0806,14.1598,13.7804,13.5768,12.6940,12.6667,12.3903,12.3151
Path_74,15.1671,14.9573,15.0118,14.2612,14.7365,15.1187,15.0872,15.4098,15.7990,15.9323,15.2898,15.6167,15.5580,15.5786,15.6542,15.4784,15.8128,15.7373,15.7373,15.7373,15.6902,15.7955,16.9735,17.2788,17.7663,17.2755,17.4696,17.3457,17.1508,16.8360,16.6348
Path_75,15.1671,15.2986,15.4109,15.4592,15.4838,15.4838,15.2811,15.4889,15.4340,15.3473,15.3978,15.4633,15.5842,15.5842,15.9813,15.8850,15.6873,15.5227,15.4314,15.6813,15.8149,15.7567,15.7159,15.9421,15.9222,16.0304,16.6411,16.5737,16.3037,16.2250,16.2781
Path_76,15.1671,14.2571,14.2134,14.1567,14.1406,14.4091,14.3457,14.5913,14.4649,14.6745,14.2779,14.1057,13.9071,14.2662,14.1426,14.2826,14.4334,14.1480,14.1480,13.8289,13.5388,13.3939,14.0356,15.0905,15.4477,16.6092,17.3219,17.3912,17.2504,17.3127,17.6049
Path_77,15.1671,16.3074,16.0214,16.4946,15.4269,15.3794,15.3296,15.3296,15.7311,15.9963,15.9093,15.9093,16.1034,16.2032,17.0919,16.3767,16.8007,17.2819,17.5934,17.7785,19.0936,20.0881,20.0881,19.6782,18.7144,19.2407,19.2863,19.4028,19.6076,19.8396,19.3834
Path_78,15.1671,14.9732,15.5423,16.7073,16.3064,16.3064,15.2495,15.4395,14.9387,14.7101,14.4377,14.5914,14.5914,14.2821,14.5145,14.8747,14.9790,14.2729,13.3448,13.5089,13.5949,13.6920,13.6920,13.9714,14.2890,14.1183,14.1183,14.2016,14.2461,14.2827,14.2154
Path_79,15.1671,15.0275,15.1492,14.9907,15.4048,15.0037,15.0738,14.8775,14.8951,14.5796,14.5178,14.9521,14.8538,14.8013,14.5163,14.4743,14.9328,14.8053,14.9629,14.9449,15.1645,14.6843,14.9354,14.9354,14.8477,14.9404,14.8021,15.1311,15.1653,15.2462,15.5303
Path_80,15.1671,15.2391,15.0922,15.3744,14.8940,13.9505,14.1173,13.8772,13.5433,13.3176,13.4600,12.8747,12.9989,12.7448,13.1212,12.8096,12.7063,12.7579,12.8078,12.6886,12.6477,12.8806,12.7615,13.0027,12.9668,12.8944,12.5837,12.5364,12.4203,12.4943,11.8013
Path_81,15.1671,14.1779,13.3264,13.3682,13.2559,12.6246,12.6748,12.5050,12.4446,12.4446,12.3736,12.0742,12.0246,11.6062,11.6548,11.4520,11.2280,11.9588,11.7502,11.8005,11.9108,11.8533,11.8533,11.6993,12.0025,11.8064,11.8548,11.6399,11.5791,11.6514,11.8051
Path_82,15.1671,14.9639,14.7667,14.5593,15.5943,15.2929,15.8085,16.1090,15.7146,15.8574,14.8473,14.5505,14.3204,14.4344,14.6627,14.9886,15.0724,15.2697,14.7285,14.4397,14.0458,13.7060,13.7555,14.6152,14.7488,15.0357,16.0575,17.1212,16.7724,16.7916,16.5372
Path_83,15.1671,15.2142,14.4135,14.1733,14.1308,14.5866,15.2950,15.4379,15.5329,14.5372,14.4161,14.9201,14.7925,14.5404,14.7075,14.5590,14.5877,14.2880,14.9820,15.0864,15.2380,14.9893,15.0731,15.2109,15.0224,14.7492,14.9276,14.9106,15.1727,15.0220,15.0750
Path_84,15.1671,14.8102,14.3772,14.3772,14.4089,14.9657,15.1916,15.0496,15.6229,14.8062,14.7271,14.2781,14.5276,14.3612,14.7602,14.9901,15.1372,14.6659,14.6061,14.5058,14.6257,14.1743,15.2051,15.7070,15.5259,15.5923,15.5923,15.2254,15.4663,15.3685,14.4903
Path_85,15.1671,14.7047,14.9711,14.7344,14.2081,14.2956,14.2788,14.1405,13.8927,13.8150,13.9350,13.8969,13.8969,13.8306,13.7638,13.7425,13.7425,13.4517,13.1224,13.0930,13.0325,12.5071,12.3021,12.8613,12.4830,12.3521,12.4198,12.5913,12.3793,13.2843,13.3592
Path_86,15.1671,15.1210,15.9085,16.0381,16.1832,16.5152,16.9263,16.4794,16.8522,16.8017,16.4971,16.6419,16.8468,16.6279,16.6279,16.3148,16.5181,16.7793,16.5251,16.5482,16.4683,16.4206,16.8427,16.9173,16.2984,16.2984,16.5398,15.9513,15.9103,15.8774,15.9448
Path_87,15.1671,15.5149,16.2200,16.7432,16.5502,16.6221,17.6076,17.7183,17.6092,17.8515,18.1665,18.1665,19.5103,20.9504,20.9504,20.2020,20.5611,20.4705,20.3550,21.1730,21.6141,21.6886,21.7801,22.1111,21.2024,20.6510,20.6829,20.7302,19.5996,18.6394,18.7181
Path_88,15.1671,15.3285,15.1356,14.6517,14.5829,14.5661,15.6592,14.9784,15.1875,15.1265,15.2958,15.7754,15.8465,16.2126,15.7002,15.3968,15.3968,15.8856,15.5274,15.2979,15.3594,14.3790,13.9171,14.2765,14.2765,14.1604,14.2044,14.2975,14.0421,13.7614,13.9019
Path_89,15.1671,15.2528,15.4344,16.0880,16.4622,16.2310,15.7896,15.3800,15.5620,15.4590,15.7833,15.5650,15.3464,15.2074,15.1617,14.8957,14.5573,15.1260,14.9385,16.0472,15.9103,16.1076,16.2430,16.8678,17.2110,17.1149,18.3801,18.1008,17.8474,18.2193,17.4422
Path_90,15.1671,15.5734,15.2123,14.9886,14.9886,15.2531,14.7542,14.8889,14.8889,15.2521,14.8897,14.6002,14.9124,14.9761,14.9513,14.8059,14.9801,14.8025,15.0413,15.0571,15.0029,15.1244,15.1244,15.4243,15.9123,16.4968,16.0786,16.2840,15.7154,15.4047,15.0684
Path_91,15.1671,14.8880,14.6373,14.5133,14.5133,14.8048,14.3113,13.9942,14.1680,14.1680,14.2872,14.1874,14.1434,13.9789,13.7057,13.2603,13.2603,12.9630,13.2917,14.2754,14.4727,14.3021,14.5894,14.5581,14.2227,14.6742,14.9392,15.1306,15.1986,14.9295,15.2195
Path_92,15.1671,15.3111,15.4356,15.4977,15.2125,15.1183,15.2902,15.0991,15.1548,15.0265,15.0265,14.7156,14.5997,15.5730,15.6504,14.8607,15.0969,15.1818,15.1818,15.2314,15.3698,15.3698,15.1780,14.7884,14.2629,14.2213,14.2808,14.0224,13.8507,14.0276,14.0950
Path_93,15.1671,15.0269,14.6361,14.6187,14.7351,14.4486,14.2078,14.2739,14.3959,14.6693,14.6020,14.2929,13.7337,13.5310,13.7570,14.0011,14.1678,14.1678,14.2225,14.3145,14.3314,13.9500,14.5265,14.7758,14.7053,15.2433,15.0036,14.9557,14.7268,14.6644,14.5394
Path_94,15.1671,15.1671,14.2019,14.5943,14.9722,15.4146,15.8481,16.0132,16.8814,16.3974,16.3069,16.5415,16.4267,16.5038,15.7763,15.8869,16.1758,15.9773,16.0447,15.8479,15.5525,15.2749,16.1031,16.4457,16.4457,16.8619,16.5661,16.5661,16.4251,16.4766,16.8973
Path_95,15.1671,14.9304,15.1856,15.3351,15.9193,16.0598,16.3403,16.9787,16.1219,16.4281,15.3899,15.4517,15.5131,15.6005,15.0516,15.1216,15.6655,15.8655,15.7226,16.2218,16.2218,16.2218,16.2218,16.2218,16.2218,16.1877,16.5197,16.5872,17.8151,17.6588,17.3795
Path_96,15.1671,15.3465,15.2298,15.5899,15.8454,15.8009,15.9340,15.5201,15.1926,15.1470,15.6220,15.4236,15.4864,15.1885,15.1728,15.1236,15.1625,16.2682,16.2181,16.5785,16.7299,17.1652,18.4507,18.4250,18.4996,18.5429,19.9156,19.1577,19.3471,18.7744,19.0847
Path_97,15.1671,15.3079,15.3079,15.3316,15.2892,14.5611,14.1078,14.1913,14.3930,14.5693,14.3611,14.1921,13.7736,13.7523,14.0250,14.1013,14.0584,14.3122,14.1621,14.1621,13.8474,14.0429,14.2982,13.7884,13.7490,13.7986,13.8164,13.6363,13.3215,13.5713,13.7528
Path_98,15.1671,15.2899,15.1492,15.0288,15.0079,15.4162,15.2562,15.2562,15.3481,15.4840,15.4395,15.2449,15.2449,14.5821,15.0525,14.8902,14.4765,14.7205,14.7205,15.2237,15.1626,15.0222,15.0222,15.0222,14.2580,13.9520,14.3455,14.4689,14.4169,13.4976,13.6564
Path_99,15.1671,15.0741,16.1753,16.5377,16.5377,16.0907,15.0413,14.9974,15.2017,15.1841,14.5601,14.9019,14.6949,14.4018,13.8239,13.7694,14.3015,14.4660,14.6572,14.6316,14.5916,14.4882,13.5582,13.4291,12.9494,13.1592,13.2453,13.1534,13.1534,13.1534,13.1168
Path_100,15.1671,15.4978,15.3217,15.1394,15.1394,14.9562,14.9562,14.9060,15.5853,15.3652,15.5878,15.4368,15.4368,15.3859,15.5676,15.2649,15.0949,15.0309,14.7673,14.9489,14.9489,14.9957,15.1780,15.1955,15.1955,14.7457,14.9989,14.8149,14.3434,14.1888,14.1469
